id,name,description,price
1,Růže,Oblíbené zahradní květiny vhodné na záhony i okrasné zahrady.,150
2,Tulipány,Barevné jarní květiny které oživí každou zahradu.,120
3,Levandule,Voňavá rostlina vhodná na zahradu i jako dekorace.,90
4,Hortenzie,Okrasné keře s velkými květy různých barev.,250
5,Okrasné třešně,Stromky s nádhernými růžovými květy na jaře.,450
6,Japonské javory,Elegantní okrasné stromky s výrazně zbarvenými listy.,650
7,Thuje,Stálezelené keře vhodné na živé ploty a soukromí zahrady.,180
8,Ovocné stromky,Jabloně hrušně nebo třešně pro domácí pěstování ovoce.,350
9,Slunečnice,Vysoké výrazné květiny dodávající zahradě letní vzhled.,80
